iso3,gdp_per_capita,unemployment_rate,life_expectancy,literacy_rate,gini_index,cost_of_living_index,rent_index,groceries_index,restaurant_price_index,purchasing_power_index,safety_index,healthcare_index,traffic_index,pollution_index,visa_free_count,residency_difficulty,digital_nomad_visa,investor_visa,eu_member,schengen,ru_visa_free,ru_banking_access,ru_sanctions_risk,country
ALB,0.07530213592463433,0.3346455472551998,0.8395588732371435,0.8332763365973519,0.965217391304348,0.29302832244008714,0.2684283727399166,0.3060109289617487,0.29375,0.22162804515745696,0.5466867469879517,0.17372881355932202,0.3549883990719258,0.8671978751660026,0.4782608695652174,0.0,1.0,0.0,0.0,0.0,1.0,0.5,0.0,Albania
ARE,0.35984080166445015,0.06335823440066955,0.9495253570512288,0.9702766366121853,0.965217391304348,0.39542483660130723,0.49791376912378316,0.2863387978142076,0.42916666666666664,0.7017231134878195,0.9999999999999999,0.6546610169491527,0.3549883990719258,0.48472775564409026,0.9057971014492754,0.3333333333333333,1.0,1.0,0.0,0.0,1.0,0.75,0.0,United Arab Emirates
ARG,0.09426376663842576,0.21744521248566384,0.7649900428828007,0.8332763365973519,1.0,0.24400871459694987,0.22114047287899866,0.2502732240437159,0.3395833333333333,0.23291740938799763,0.25903614457831314,0.5911016949152543,0.5382830626450117,0.5126162018592297,0.8405797101449275,0.3333333333333333,1.0,1.0,0.0,0.0,1.0,0.5,0.0,Argentina
ARM,0.05466122270304905,0.3949350609094573,0.790920900986755,1.0,0.965217391304348,0.23965141612200433,0.2378303198887344,0.19562841530054648,0.26041666666666663,0.19667260843731432,0.878012048192771,0.4152542372881356,0.19953596287703024,0.6573705179282867,0.09420289855072467,0.0,1.0,0.0,0.0,0.0,1.0,1.0,0.0,Armenia
AUS,0.4646743015974199,0.12274882985648308,0.9489315952156978,0.8332763365973519,0.965217391304348,0.533769063180828,0.5605006954102922,0.6371584699453552,0.5239583333333333,0.7664884135472372,0.4954819277108433,0.6800847457627119,0.4153132250580047,0.2138114209827357,0.9492753623188406,0.6666666666666667,0.0,1.0,0.0,0.0,0.0,0.0,1.0,Australia
AUT,0.41833032397317155,0.16899662130746104,0.9136642598542892,0.8332763365973519,0.965217391304348,0.5708061002178649,0.5326842837273993,0.5945355191256829,0.5854166666666667,0.6636957813428402,0.7816265060240962,0.8262711864406782,0.058004640371229765,0.11420982735723767,0.9855072463768115,0.6666666666666667,1.0,0.0,1.0,1.0,0.0,0.25,1.0,Austria
AZE,0.04535334242550215,0.16512197390037509,0.6659100072082207,1.0,0.965217391304348,0.12854030501089322,0.12378303198887344,0.1202185792349727,0.20833333333333331,0.19013666072489602,0.7349397590361445,0.19279661016949157,0.46171693735498853,0.799468791500664,0.2753623188405797,0.0,1.0,0.0,0.0,0.0,0.0,0.5,0.0,Azerbaijan
BEL,0.40622834289672544,0.17903970738662783,0.9238453612865667,0.8332763365973519,0.965217391304348,0.5413943355119825,0.5034770514603617,0.526775956284153,0.6812499999999999,0.6886512180629828,0.469879518072289,0.773305084745763,0.27842227378190265,0.4648074369189907,0.9855072463768115,0.6666666666666667,0.0,0.0,1.0,1.0,0.0,0.25,1.0,Belgium
BGD,0.011040841743514714,0.11307770992839654,0.677731487703267,0.5138798603486872,0.965217391304348,0.04248366013071897,0.019471488178025048,0.09398907103825138,0.02291666666666667,0.15626856803327394,0.2831325301204818,0.044491525423728806,0.8167053364269143,0.9774236387782205,0.9492753623188406,0.3333333333333333,1.0,1.0,0.0,0.0,0.0,0.5,0.0,Bangladesh
BGR,0.12079119502963609,0.10557639254827812,0.705481097767082,0.8332763365973519,0.965217391304348,0.24727668845315906,0.2169680111265647,0.2666666666666667,0.284375,0.4503862150920974,0.6762048192771083,0.38983050847457634,0.18793503480278428,0.6746347941567066,0.8695652173913044,0.3333333333333333,1.0,1.0,1.0,1.0,0.0,0.25,1.0,Bulgaria
BIH,0.0605323871006009,0.3380862341526922,0.7817204432444329,0.8332763365973519,0.965217391304348,0.21568627450980396,0.17524339360222532,0.22732240437158469,0.175,0.34818775995246587,0.5888554216867469,0.31144067796610186,0.12064965197215782,0.6387782204515271,0.9565217391304348,0.3333333333333333,1.0,1.0,1.0,1.0,0.0,0.5,0.0,Bosnia and Herzegovina
BLR,0.05291590890172173,0.10074083258423486,0.6588752733625765,0.8332763365973519,0.965217391304348,0.12636165577342048,0.12656467315716277,0.1377049180327869,0.18749999999999994,0.33036244800950687,0.4804216867469878,0.2055084745762712,0.24593967517401405,0.4302788844621514,0.9528985507246377,0.3333333333333333,1.0,0.0,1.0,1.0,0.0,0.5,0.0,Belarus
BRA,0.06749492145868052,0.18102352685905584,0.7142311435820383,0.8312264090205663,1.0,0.12200435729847495,0.1126564673157163,0.12896174863387977,0.11145833333333333,0.22459893048128346,0.24698795180722888,0.4110169491525424,0.45707656612529,0.5444887118193891,0.8333333333333333,0.3333333333333333,1.0,1.0,0.0,0.0,1.0,0.5,0.0,Brazil
CAN,0.3895914631143944,0.2100678838225722,0.9174353398248052,0.8588999751595008,0.965217391304348,0.48039215686274506,0.5076495132127956,0.5617486338797815,0.5083333333333333,0.6601307189542485,0.5240963855421685,0.6080508474576272,0.2946635730858469,0.2377158034528552,0.9420289855072463,0.6666666666666667,0.0,1.0,0.0,0.0,0.0,0.0,1.0,Canada
CHE,0.7528594910368479,0.14701962121446951,0.994217134386467,0.8332763365973519,0.965217391304348,1.0,1.0000000000000002,1.0,0.9999999999999998,0.9643493761140821,0.7981927710843372,0.6631355932203391,0.32018561484918795,0.16600265604249664,0.9927536231884058,1.0,0.0,0.0,0.0,1.0,0.0,0.0,1.0,Switzerland
CHL,0.11430879534106603,0.2741390533461455,0.8924215953378714,0.8332763365973519,1.0,0.21895424836601304,0.200278164116829,0.2612021857923498,0.2541666666666667,0.2644087938205586,0.2966867469879517,0.5021186440677967,0.35730858468677507,0.8698539176626825,0.8623188405797102,0.3333333333333333,1.0,1.0,0.0,0.0,1.0,0.5,0.0,Chile
CHN,0.08938704685642418,0.1390223489662441,0.7808188049015905,0.8332763365973519,0.965217391304348,0.12636165577342048,0.12656467315716277,0.18032786885245905,0.05937500000000001,0.5092097445038621,0.8629518072289156,0.620762711864407,0.4129930394431556,0.8552456839309428,0.9927536231884058,1.0,1.0,1.0,0.0,0.0,0.0,0.5,0.0,China
COL,0.0500012610919649,0.25293698273457116,0.7773458275810123,0.8517251634768028,1.0,0.1394335511982571,0.13908205841446455,0.15956284153005462,0.12187500000000001,0.18775995246583482,0.28765060240963847,0.6144067796610171,0.5986078886310906,0.6693227091633467,0.7028985507246377,0.3333333333333333,1.0,1.0,0.0,0.0,1.0,0.5,0.0,Colombia
CRI,0.1280417716677319,0.20808406435014418,0.8802995687285444,0.8820516779675138,0.965217391304348,0.37037037037037035,0.36022253129346316,0.44808743169398907,0.33541666666666664,0.24480095068330368,0.39909638554216864,0.527542372881356,0.9118329466357309,0.39309428950863207,0.7028985507246377,0.3333333333333333,1.0,1.0,0.0,0.0,1.0,0.5,0.0,Costa Rica
CYP,0.27498766773103905,0.1486004773565606,0.9078496292042872,0.8332763365973519,0.965217391304348,0.434640522875817,0.4478442280945759,0.39672131147540984,0.4749999999999999,0.4717765894236483,0.7093373493975902,0.35593220338983067,0.10208816705336432,0.5776892430278884,0.8840579710144927,0.3333333333333333,1.0,1.0,1.0,0.0,0.0,0.25,1.0,Cyprus
CZE,0.22486982303646152,0.08353739809677321,0.8463060927783423,0.8332763365973519,0.965217391304348,0.3714596949891068,0.3643949930458972,0.3530054644808743,0.28958333333333336,0.4937611408199645,0.8132530120481926,0.7648305084745763,0.18561484918793503,0.2908366533864542,0.963768115942029,0.6666666666666667,1.0,0.0,1.0,1.0,0.0,0.25,1.0,Czechia
DEU,0.40249136488124754,0.11100089891819846,0.8735099958053885,0.8332763365973519,0.965217391304348,0.542483660130719,0.5090403337969404,0.5103825136612024,0.5375000000000001,0.7724301841948902,0.6325301204819276,0.6885593220338986,0.18793503480278428,0.21779548472775562,0.9855072463768115,0.6666666666666667,1.0,0.0,1.0,1.0,0.0,0.25,1.0,Germany
DNK,0.5116575792606418,0.1673537708068566,0.9222978338688621,0.8332763365973519,0.965217391304348,0.6535947712418301,0.6147426981919334,0.5956284153005464,0.8166666666666667,0.82174688057041,0.8162650602409637,0.7902542372881358,0.15777262180974483,0.1447543160690571,0.9855072463768115,1.0,0.0,0.0,1.0,1.0,0.0,0.25,1.0,Denmark
ECU,0.042360280341147555,0.09850903567775333,0.7661922273399233,0.7885205619634874,1.0,0.13071895424836602,0.11961057023643953,0.17049180327868851,0.12187500000000001,0.23826500297088535,0.2786144578313252,0.8008474576271187,0.3874709976798144,0.6268260292164674,0.2898550724637682,0.0,1.0,1.0,0.0,0.0,1.0,0.5,0.0,Ecuador
EGY,0.01649125218539308,0.20616223923622953,0.5734085920351217,0.9402118141200901,0.965217391304348,0.029411764705882387,0.019471488178025048,0.04371584699453551,0.05000000000000002,0.08021390374331552,0.5120481927710843,0.1694915254237288,0.6241299303944317,0.9389110225763613,0.7753623188405798,0.3333333333333333,0.0,1.0,0.0,0.0,0.0,0.5,0.0,"Egypt, Arab Rep."
ESP,0.250499113502475,0.3175970986640216,0.9768685375458681,0.8332763365973519,0.965217391304348,0.35620915032679745,0.3699582753824757,0.3540983606557377,0.41458333333333336,0.5710041592394535,0.644578313253012,0.7902542372881358,0.13457076566125292,0.3120849933598937,0.9782608695652175,0.6666666666666667,1.0,1.0,1.0,1.0,0.0,0.25,1.0,Spain
EST,0.2219805749808988,0.253649917857475,0.8235004255700409,0.8332763365973519,0.965217391304348,0.4444444444444444,0.3908205841446455,0.3923497267759563,0.5166666666666666,0.4753416518122401,0.8614457831325298,0.7478813559322035,0.004640371229698348,0.05710491367861886,0.963768115942029,0.3333333333333333,1.0,0.0,1.0,1.0,0.0,0.0,1.0,Estonia
FIN,0.38088186459161955,0.2892346796441524,0.9250670934584415,0.8332763365973519,0.965217391304348,0.545751633986928,0.4951321279554939,0.5519125683060109,0.6124999999999998,0.7195484254307785,0.811746987951807,0.798728813559322,0.09976798143851517,0.0,0.9855072463768115,0.6666666666666667,0.0,0.0,1.0,1.0,0.0,0.25,1.0,Finland
FRA,0.3293324067533187,0.22975109265056884,0.9465695796834115,0.8332763365973519,0.965217391304348,0.5315904139433552,0.4881780250347706,0.6010928961748634,0.5302083333333334,0.6547831253713607,0.3704819277108433,0.7860169491525424,0.3178654292343388,0.4209827357237716,0.9855072463768115,0.6666666666666667,0.0,0.0,1.0,1.0,0.0,0.25,1.0,France
GBR,0.38158853739906085,0.1430829794488702,0.8933517407647245,0.8332763365973519,0.965217391304348,0.5326797385620915,0.549374130737135,0.487431693989071,0.6000000000000001,0.679144385026738,0.48343373493975894,0.6949152542372883,0.3132250580046405,0.3811420982735723,0.9782608695652175,0.6666666666666667,0.0,1.0,0.0,0.0,0.0,0.0,1.0,United Kingdom
GEO,0.05967431399650009,0.370943244164781,0.6686149222367483,1.0,0.965217391304348,0.15468409586056645,0.1613351877607789,0.15409836065573768,0.21770833333333334,0.20617944147355913,0.8162650602409637,0.34745762711864403,0.3781902552204177,0.7436918990703851,0.4565217391304348,0.0,1.0,0.0,0.0,0.0,1.0,1.0,0.0,Georgia
GRC,0.17221956590073206,0.2606862775487431,0.9084515359209637,0.8332763365973519,0.965217391304348,0.38235294117647056,0.3282336578581364,0.3584699453551912,0.4572916666666667,0.3315508021390374,0.5150602409638553,0.40254237288135597,0.26914153132250584,0.4966799468791501,0.963768115942029,0.3333333333333333,1.0,1.0,1.0,1.0,0.0,0.25,1.0,Greece
HRV,0.16800801628844228,0.1510182573385822,0.8112831038513078,0.8332763365973519,0.965217391304348,0.3649237472766884,0.3435326842837275,0.33551912568306014,0.4166666666666666,0.46464646464646464,0.8448795180722891,0.5338983050847457,0.09976798143851517,0.2656042496679947,0.9492753623188406,0.3333333333333333,1.0,0.0,1.0,1.0,0.0,0.25,1.0,Croatia
HUN,0.16246209710729811,0.13610861411611547,0.7376533782930805,0.8332763365973519,0.965217391304348,0.30501089324618735,0.2767732962447844,0.2972677595628415,0.30625,0.4165181224004755,0.7063253012048191,0.30296610169491545,0.3410672853828307,0.45683930942895085,0.9492753623188406,0.3333333333333333,1.0,1.0,1.0,1.0,0.0,0.5,0.5,Hungary
IDN,0.02810051005014274,0.09630823595052852,0.5561104934576251,0.8332763365973519,0.0,0.07843137254901963,0.0848400556328234,0.1683060109289618,0.0,0.12477718360071302,0.5120481927710843,0.4512711864406782,0.517401392111369,0.7463479415670651,0.14492753623188404,0.6666666666666667,1.0,1.0,0.0,0.0,1.0,0.75,0.0,Indonesia
IND,0.01178205263652855,0.1267474659805958,0.5877346234825078,0.26486266696813443,0.965217391304348,0.0,0.0,0.03715846994535521,0.003124999999999989,0.4046345811051695,0.5451807228915662,0.5423728813559323,0.5986078886310906,0.8100929614873837,0.9492753623188406,0.3333333333333333,1.0,1.0,0.0,0.0,0.0,0.5,0.0,India
IRL,0.8179430892939911,0.13954930101360777,0.9475469654209092,0.8332763365973519,0.965217391304348,0.5631808278867102,0.643949930458971,0.5530054644808744,0.6385416666666666,0.6304218657159835,0.4728915662650601,0.2394067796610171,0.38515081206496515,0.3041168658698539,0.9782608695652175,0.6666666666666667,0.0,1.0,1.0,0.0,0.0,0.25,1.0,Ireland
IRN,0.03003718820148045,0.2532779517063947,0.7753755808318379,0.5138798603486872,0.965217391304348,0.04248366013071897,0.052851182197496516,0.027322404371584702,0.009374999999999994,0.13071895424836602,0.4457831325301205,0.27330508474576276,0.6125290023201857,0.8419654714475433,0.9492753623188406,0.3333333333333333,1.0,1.0,0.0,0.0,0.0,0.5,0.0,"Iran, Islamic Rep."
ISL,0.621491668581556,0.10833514150212332,0.9408681628813358,0.8332763365973519,0.965217391304348,0.8529411764705883,0.8831710709318501,0.9431693989071037,0.9333333333333333,0.6262626262626263,0.8268072289156626,0.6186440677966101,0.0,0.06905710491367859,0.9782608695652175,0.6666666666666667,1.0,0.0,0.0,1.0,0.0,0.25,1.0,Iceland
ISR,0.3883941971899123,0.1041195251232138,0.9538185239031931,0.9402118141200901,0.965217391304348,0.6623093681917211,0.6342141863699584,0.6098360655737705,0.7770833333333333,0.661319073083779,0.7319277108433734,0.7097457627118646,0.3735498839907193,0.593625498007968,0.7753623188405798,1.0,0.0,1.0,0.0,0.0,1.0,0.5,0.5,Israel
ITA,0.287504708358275,0.19407333932612136,0.97898620664378,0.8332763365973519,0.965217391304348,0.4629629629629629,0.42698191933240626,0.4863387978142077,0.5145833333333334,0.4806892453951278,0.49849397590361444,0.5296610169491527,0.2621809744779583,0.548472775564409,0.9782608695652175,0.6666666666666667,1.0,1.0,1.0,1.0,0.0,0.25,1.0,Italy
JOR,0.025852228151958576,0.5085087257059608,0.779616620444467,0.8209771621203492,0.965217391304348,0.22331154684095858,0.1794158553546593,0.1978142076502732,0.26458333333333334,0.2733214497920381,0.6129518072289155,0.5444915254237288,0.4663573085846868,0.8671978751660026,0.7753623188405798,0.3333333333333333,0.0,1.0,0.0,0.0,0.0,0.5,0.0,Jordan
JPN,0.2297255802562997,0.07194445305477204,0.9818287701636719,0.8332763365973519,0.965217391304348,0.31154684095860563,0.2837273991655077,0.42185792349726775,0.15625,0.6535947712418301,0.8674698795180721,0.8516949152542372,0.4501160092807426,0.34528552456839307,1.0,1.0,1.0,0.0,0.0,0.0,0.0,0.25,1.0,Japan
KAZ,0.0956160138024977,0.14385790893028738,0.664407276636817,1.0,0.965217391304348,0.11873638344226581,0.12517385257301808,0.12896174863387977,0.16562499999999997,0.2792632204396911,0.5301204819277107,0.4406779661016951,0.35266821345707655,0.8127490039840637,0.2753623188405797,0.0,1.0,0.0,0.0,0.0,0.0,0.5,0.0,Kazakhstan
KEN,0.007668567018662023,0.1648739964663216,0.307191522807704,0.3542876706937119,0.965217391304348,0.10893246187363834,0.09874826147426982,0.1333333333333333,0.11041666666666666,0.16399286987522282,0.381024096385542,0.47245762711864425,0.7169373549883993,0.7596281540504648,0.35507246376811596,0.6666666666666667,1.0,1.0,0.0,0.0,0.0,0.5,0.0,Kenya
KOR,0.25716983871466886,0.07913579864232356,0.9682349635312952,0.8332763365973519,0.965217391304348,0.4651416122004357,0.4019471488178026,0.6480874316939891,0.21354166666666663,0.6131907308377897,0.7740963855421686,0.9110169491525426,0.43619489559164737,0.594953519256308,0.9927536231884058,1.0,1.0,1.0,0.0,0.0,0.0,0.25,0.5,"Korea, Rep."
KWT,0.23141281537420688,0.06357521465546637,1.0000000000000002,0.9402118141200901,0.965217391304348,0.2570806100217865,0.2906815020862309,0.19234972677595624,0.2927083333333333,1.0000000000000002,0.7198795180722891,0.39618644067796627,0.32482598607888646,0.7649402390438247,0.7753623188405798,0.3333333333333333,0.0,1.0,0.0,0.0,0.0,0.5,0.0,Kuwait
LKA,0.02510219222718464,0.12011406961966463,0.7692978705208253,0.7628970537292403,0.965217391304348,0.16339869281045752,0.13351877607788595,0.32677595628415307,0.09375,0.06357694592988711,0.5722891566265059,0.6525423728813562,0.7726218097447797,0.6135458167330676,0.9492753623188406,0.3333333333333333,1.0,1.0,0.0,0.0,0.0,0.5,0.0,Sri Lanka
LTU,0.20702539654617885,0.20461238027339515,0.7533729989045146,0.8332763365973519,0.965217391304348,0.35185185185185186,0.31849791376912384,0.307103825136612,0.4270833333333333,0.4711824123588829,0.7108433734939757,0.7521186440677969,0.04872389791183296,0.1779548472775564,0.9492753623188406,0.3333333333333333,0.0,0.0,1.0,1.0,0.0,0.0,1.0,Lithuania
LUX,0.9999999999999999,0.19258547472180035,0.9537370750917329,0.8332763365973519,0.965217391304348,0.6437908496732025,0.7343532684283729,0.6502732240437159,0.7083333333333333,0.9043374925727868,0.7108433734939757,0.7266949152542375,0.13225058004640378,0.1447543160690571,0.9855072463768115,0.6666666666666667,0.0,0.0,1.0,1.0,0.0,0.5,0.0,Luxembourg
LVA,0.16331623203359133,0.19955984005455507,0.7277980721066333,0.8332763365973519,0.965217391304348,0.3638344226579521,0.30458970792767737,0.3202185792349727,0.409375,0.4123588829471183,0.664156626506024,0.5021186440677967,0.16009280742459409,0.22974767596281542,0.9492753623188406,0.3333333333333333,0.0,1.0,1.0,1.0,0.0,0.0,1.0,Latvia
MAR,0.022451277024042312,0.2749449800068194,0.6965323168521673,0.9402118141200901,0.965217391304348,0.1361655773420479,0.12100139082058417,0.16174863387978144,0.10104166666666664,0.22162804515745696,0.503012048192771,0.14618644067796605,0.3364269141531324,0.7543160690571049,0.09420289855072467,0.3333333333333333,0.0,1.0,0.0,0.0,1.0,0.5,0.0,Morocco
MEX,0.09584387988787002,0.0788258268497567,0.6888850879443551,0.8588999751595008,0.965217391304348,0.25816993464052285,0.2656467315716273,0.31038251366120223,0.2947916666666667,0.23826500297088535,0.41415662650602403,0.6864406779661016,0.42923433874709993,0.6175298804780875,0.7753623188405798,0.3333333333333333,1.0,1.0,0.0,0.0,1.0,0.5,0.0,Mexico
MKD,0.06004275808476333,0.3758717956665944,0.7340533408266265,0.8332763365973519,0.965217391304348,0.18082788671023967,0.1502086230876217,0.18251366120218576,0.14375,0.33630421865715987,0.5873493975903613,0.3283898305084747,0.08352668213457082,0.8950863213811422,0.9565217391304348,0.3333333333333333,1.0,1.0,1.0,1.0,0.0,0.5,0.0,North Macedonia
MLT,0.3132055166333361,0.08573819782399804,0.9457550915688275,0.8332763365973519,0.965217391304348,0.41285403050108926,0.44089012517385273,0.41202185792349727,0.5083333333333333,0.4325609031491384,0.5632530120481927,0.2838983050847457,0.16705336426914152,0.8486055776892429,0.963768115942029,0.3333333333333333,1.0,1.0,1.0,1.0,0.0,0.25,1.0,Malta
MNE,0.08909574657346822,0.4166640835683953,0.776585910170106,0.8332763365973519,0.965217391304348,0.2592592592592593,0.25869262865090403,0.24371584699453552,0.30729166666666663,0.3374925727866904,0.6167168674698793,0.3792372881355932,0.15081206496519728,0.5630810092961487,0.5072463768115942,0.0,1.0,1.0,0.0,0.0,1.0,0.75,0.0,Montenegro
MYS,0.07893535195375856,0.11264374941880291,0.7408795657149383,0.8332763365973519,0.0,0.16448801742919392,0.1460361613351878,0.26010928961748636,0.10312499999999997,0.4266191325014854,0.4879518072289155,0.6525423728813562,0.38051044083526697,0.6480743691899071,0.8768115942028987,0.3333333333333333,1.0,1.0,0.0,0.0,1.0,0.5,0.0,Malaysia
NGA,0.0,0.09094572393912156,0.0,0.0,0.965217391304348,0.09586056644880173,0.18219749652294856,0.1442622950819672,0.05937500000000001,0.0,0.21385542168674687,0.17796610169491522,1.0,0.9999999999999998,0.35507246376811596,0.6666666666666667,1.0,1.0,0.0,0.0,0.0,0.5,0.0,Nigeria
NLD,0.486009262453356,0.11605343913703856,0.9126868741167915,0.8332763365973519,0.965217391304348,0.593681917211329,0.6328233657858138,0.5322404371584699,0.6906249999999998,0.734402852049911,0.8268072289156626,0.8813559322033899,0.037122969837587005,0.12084993359893753,0.9855072463768115,0.6666666666666667,0.0,0.0,1.0,1.0,0.0,0.25,1.0,Netherlands
NOR,0.6269409441574836,0.1397042869098912,0.9525967917313178,0.8332763365973519,0.965217391304348,0.7058823529411765,0.6536856745479834,0.7344262295081967,0.7635416666666666,0.6916221033868094,0.7093373493975902,0.7605932203389831,0.16937354988399078,0.09561752988047806,0.9855072463768115,0.6666666666666667,1.0,0.0,0.0,1.0,0.0,0.25,1.0,Norway
NZL,0.3520255404760597,0.15331204860357708,0.9141529527230394,0.8332763365973519,0.965217391304348,0.4509803921568627,0.45340751043115446,0.5158469945355193,0.4583333333333333,0.6862745098039216,0.47590361445783125,0.5995762711864407,0.271461716937355,0.1952191235059761,0.9492753623188406,0.6666666666666667,0.0,1.0,0.0,0.0,0.0,0.0,1.0,New Zealand
OMN,0.1404638993988918,0.09674219646012215,0.8552540592051423,0.9402118141200901,0.965217391304348,0.2690631808278867,0.24478442280945764,0.2644808743169399,0.27604166666666663,0.8579916815210933,0.9337349397590359,0.5,0.09744779582366592,0.3280212483399734,0.7753623188405798,0.3333333333333333,0.0,1.0,0.0,0.0,0.0,0.5,0.0,Oman
PAK,0.0028867557958837733,0.16397507826787766,0.43959878315475787,0.5138798603486872,0.965217391304348,0.007625272331154703,0.0,0.0,0.019791666666666652,0.12596553773024363,0.5722891566265059,0.4152542372881356,0.406032482598608,0.8167330677290836,0.9492753623188406,0.3333333333333333,1.0,1.0,0.0,0.0,0.0,0.5,0.0,Pakistan
PAN,0.13224130377774745,0.2551067852825393,0.8395254792244458,0.8820516779675138,0.965217391304348,0.289760348583878,0.32267037552155775,0.36174863387978146,0.2875,0.21330956625074274,0.5662650602409638,0.4512711864406782,0.3364269141531324,0.5856573705179282,0.6594202898550725,0.0,1.0,1.0,0.0,0.0,1.0,0.5,0.0,Panama
PER,0.05390157177406218,0.1545829329531013,0.7782808599365525,0.7943287552616636,1.0,0.15904139433551198,0.1557719054242003,0.21311475409836073,0.13541666666666669,0.23885918003565068,0.20331325301204817,0.36016949152542366,0.6798143851508123,0.9309428950863214,0.6014492753623188,0.3333333333333333,0.0,1.0,0.0,0.0,1.0,0.5,0.0,Peru
PHL,0.021219632180424487,0.0652490623353275,0.5112957284170838,0.8332763365973519,0.0,0.12200435729847495,0.10848400556328233,0.1879781420765027,0.04583333333333334,0.15210932857991682,0.555722891566265,0.5699152542372881,0.49419953596287713,0.8061088977423638,0.08695652173913043,0.3333333333333333,0.0,1.0,0.0,0.0,1.0,0.5,0.0,Philippines
POL,0.1757120760149701,0.08821797216453305,0.7939345070107084,0.8332763365973519,0.965217391304348,0.30936819172113283,0.305980528511822,0.2502732240437159,0.3416666666666666,0.5276292335115864,0.7786144578313251,0.3813559322033899,0.2621809744779583,0.5803452855245683,0.9565217391304348,0.3333333333333333,0.0,0.0,1.0,1.0,0.0,0.25,1.0,Poland
PRI,0.2798847755292365,0.1816744676234463,0.9105545442328149,0.8588999751595008,0.965217391304348,0.4760348583877996,0.4436717663421419,0.5366120218579236,0.4281249999999999,0.639334521687463,0.2861445783132529,0.4067796610169492,0.2761020881670535,0.4794156706507304,0.9420289855072463,0.6666666666666667,0.0,1.0,0.0,0.0,0.0,0.5,0.0,Puerto Rico (US)
PRT,0.2063540101576031,0.18703697963485325,0.9266146208761465,0.8332763365973519,0.965217391304348,0.32570806100217864,0.36022253129346316,0.31366120218579235,0.315625,0.34521687462863937,0.7138554216867469,0.6800847457627119,0.18097447795823673,0.24037184594953515,0.963768115942029,0.3333333333333333,1.0,1.0,1.0,1.0,0.0,0.25,1.0,Portugal
PRY,0.039005364715071315,0.14484981866650137,0.646073963665686,0.8353262641741379,1.0,0.1045751633986928,0.10987482614742702,0.10601092896174863,0.11562499999999998,0.24361259655377301,0.2688253012048193,0.5466101694915255,0.45243619489559184,0.6480743691899071,0.6521739130434783,0.0,0.0,1.0,0.0,0.0,1.0,0.5,0.0,Paraguay
QAT,0.5530790395455192,0.0,0.9312588321054942,0.9402118141200901,0.965217391304348,0.3431372549019608,0.46453407510431166,0.2557377049180328,0.4177083333333333,0.8603683897801545,0.9819277108433734,0.7139830508474576,0.1925754060324827,0.6401062416998673,0.7753623188405798,0.3333333333333333,0.0,1.0,0.0,0.0,0.0,0.5,0.0,Qatar
ROU,0.13896410872004955,0.181705464802703,0.7287754578441341,0.8332763365973519,0.965217391304348,0.2363834422657952,0.21418636995827542,0.22732240437158469,0.29375,0.4070112893642306,0.716867469879518,0.35169491525423746,0.2900232018561486,0.6188579017264275,0.8695652173913044,0.3333333333333333,1.0,0.0,1.0,1.0,0.0,0.25,1.0,Romania
RUS,0.10098835744276602,0.06208735005114536,0.6279906985457344,0.8332763365973519,0.965217391304348,0.19172113289760348,0.18497913769123783,0.19125683060109294,0.20937499999999998,0.3166963755199049,0.6355421686746986,0.4597457627118644,0.5243619489559166,0.6188579017264275,0.9528985507246377,0.3333333333333333,1.0,0.0,1.0,1.0,0.0,0.5,0.0,Russian Federation
SAU,0.24899868074925854,0.09013979727844768,0.813044027155035,0.9402118141200901,0.965217391304348,0.27233115468409586,0.2503477051460362,0.2513661202185793,0.2,0.7397504456327987,0.8599397590361445,0.47245762711864425,0.2343387470997681,0.6626826029216468,0.7753623188405798,0.3333333333333333,0.0,1.0,0.0,0.0,0.0,0.5,0.0,Saudi Arabia
SGP,0.6553879353567806,0.0833204178419764,0.958786901402142,0.8332763365973519,0.0,0.7494553376906318,0.9568845618915163,0.6459016393442623,0.41875,0.5775401069518717,0.8719879518072288,0.6779661016949154,0.47099767981438523,0.2709163346613546,1.0,1.0,0.0,1.0,0.0,0.0,0.0,0.25,0.5,Singapore
SRB,0.09213807292152534,0.21676327454201672,0.7124042467410294,0.8332763365973519,0.965217391304348,0.25816993464052285,0.2378303198887344,0.2284153005464481,0.28020833333333334,0.3262032085561498,0.6536144578313252,0.2584745762711864,0.2296983758700697,0.7171314741035857,0.6159420289855073,0.0,1.0,0.0,0.0,0.0,1.0,1.0,0.0,Serbia
SVK,0.18221628458224792,0.16208425033321971,0.7926313260273774,0.8332763365973519,0.965217391304348,0.3344226579520697,0.3171070931849792,0.34754098360655744,0.29166666666666663,0.4147355912061794,0.7424698795180723,0.38771186440677985,0.15777262180974483,0.3320053120849933,0.9565217391304348,0.6666666666666667,0.0,0.0,1.0,1.0,0.0,0.25,1.0,Slovak Republic
SVN,0.2429954190027079,0.09438641083661388,0.9233566684178165,0.8332763365973519,0.965217391304348,0.383442265795207,0.37134909596662047,0.37377049180327865,0.37499999999999994,0.47058823529411764,0.841867469879518,0.5572033898305087,0.10208816705336432,0.1447543160690571,0.9565217391304348,0.6666666666666667,1.0,0.0,1.0,1.0,0.0,0.25,1.0,Slovenia
SWE,0.40990741322361957,0.265459843154273,0.9827328519708576,0.8332763365973519,0.965217391304348,0.5348583877995643,0.4923504867872045,0.5486338797814208,0.578125,0.7439096850861557,0.4894578313253011,0.6016949152542372,0.18793503480278428,0.07702523240371845,0.9855072463768115,0.6666666666666667,0.0,0.0,1.0,1.0,0.0,0.25,1.0,Sweden
THA,0.04581253373514744,0.02017916369610366,0.7322973044515859,0.8332763365973519,0.0,0.20806100217864923,0.20584144645340754,0.2863387978142076,0.10104166666666664,0.22103386809269163,0.6596385542168673,0.7966101694915255,0.4013921113689096,0.847277556440903,0.19565217391304346,0.6666666666666667,1.0,1.0,0.0,0.0,1.0,0.75,0.0,Thailand
TUN,0.02265569592513929,0.46427575090666756,0.7372062243181727,0.9402118141200901,0.965217391304348,0.11111111111111113,0.0848400556328234,0.18251366120218576,0.02708333333333332,0.16339869281045752,0.5346385542168673,0.35381355932203395,0.2853828306264502,0.7662682602921647,0.7753623188405798,0.3333333333333333,0.0,1.0,0.0,0.0,0.0,0.5,0.0,Tunisia
TWN,0.2297255802562997,0.07913579864232356,0.9682349635312952,0.8332763365973519,0.965217391304348,0.33551198257080617,0.2990264255910988,0.507103825136612,0.12604166666666666,0.538324420677362,0.9548192771084335,1.0,0.271461716937355,0.6945551128818059,0.6159420289855073,0.6666666666666667,1.0,1.0,0.0,0.0,0.0,0.25,0.5,Taiwan
UKR,0.03149517772809055,0.1031586125662565,0.6697837126811736,0.8332763365973519,0.965217391304348,0.10130718954248366,0.09457579972183591,0.11584699453551917,0.10520833333333329,0.24777183600713018,0.5045180722891566,0.3368644067796611,0.3967517401392111,0.6693227091633467,0.9528985507246377,0.3333333333333333,1.0,0.0,1.0,1.0,0.0,0.5,0.0,Ukraine
URY,0.16695513333148737,0.22894516598989495,0.7898351883300159,0.9736933129013945,1.0,0.3997821350762527,0.3463143254520168,0.4032786885245902,0.46145833333333336,0.27807486631016043,0.42018072289156616,0.6059322033898307,0.4477958236658933,0.4116865869853917,0.7246376811594204,0.3333333333333333,1.0,1.0,0.0,0.0,1.0,0.5,0.0,Uruguay
USA,0.6104710576202403,0.12609652521620537,0.8099799228679758,0.8588999751595008,0.965217391304348,0.5435729847494553,0.6105702364394994,0.6098360655737705,0.5989583333333333,0.8181818181818182,0.469879518072289,0.5741525423728815,0.3039443155452436,0.3373173970783533,0.9492753623188406,1.0,0.0,1.0,0.0,0.0,0.0,0.0,1.0,United States
VEN,0.022922365964878667,0.16047239701187196,0.6023612010441746,0.8332763365973519,1.0,0.2047930283224401,0.1613351877607789,0.2622950819672132,0.26458333333333334,0.0540701128936423,0.0,0.0,0.2761020881670535,0.8207171314741035,0.713768115942029,0.3333333333333333,1.0,1.0,0.0,0.0,0.0,0.5,0.0,"Venezuela, RB"
VNM,0.026577876733134304,0.043179070704565885,0.67125304923988,0.8332763365973519,0.0,0.08169934640522877,0.09318497913769128,0.14863387978142079,0.003124999999999989,0.20320855614973263,0.6069277108433734,0.47245762711864425,0.20417633410672864,0.9548472775564409,0.0,0.6666666666666667,0.0,1.0,0.0,0.0,1.0,0.5,0.0,Viet Nam
ZAF,0.03791602326788557,1.0000000000000002,0.3899418862730253,0.7085753413874234,0.965217391304348,0.1982570806100218,0.19471488178025034,0.1573770491803279,0.21145833333333336,0.5995246583481878,0.08885542168674693,0.5105932203389831,0.4106728538283063,0.5989375830013279,0.35507246376811596,0.6666666666666667,1.0,1.0,0.0,0.0,1.0,0.5,0.0,South Africa
